PRAGMA foreign_keys=OFF;
BEGIN TRANSACTION;
CREATE TABLE courses (    cid   TEXT  not null,     title TEXT  not null,     start TEXT  not null,     end   TEXT  not null,     primary key(cid));
INSERT INTO "courses" VALUES('0','MATH-217','10/5/14','10/5/14');
INSERT INTO "courses" VALUES('1','CSCI-580','10/5/14','10/5/14');
CREATE TABLE students (    sid   TEXT  not null,     first TEXT  not null,     last  TEXT  not null,     primary key(sid));
INSERT INTO "students" VALUES('0','john','doe0');
INSERT INTO "students" VALUES('1','john','doe1');
INSERT INTO "students" VALUES('2','john','doe2');
INSERT INTO "students" VALUES('3','john','doe3');
INSERT INTO "students" VALUES('4','john','doe4');
INSERT INTO "students" VALUES('5','john','doe5');
INSERT INTO "students" VALUES('6','john','doe6');
INSERT INTO "students" VALUES('7','john','doe7');
INSERT INTO "students" VALUES('8','john','doe8');
INSERT INTO "students" VALUES('9','john','doe9');
INSERT INTO "students" VALUES('10','john','doe10');
INSERT INTO "students" VALUES('11','john','doe11');
INSERT INTO "students" VALUES('12','john','doe12');
INSERT INTO "students" VALUES('13','john','doe13');
INSERT INTO "students" VALUES('14','john','doe14');
INSERT INTO "students" VALUES('15','john','doe15');
INSERT INTO "students" VALUES('16','john','doe16');
INSERT INTO "students" VALUES('17','john','doe17');
INSERT INTO "students" VALUES('18','john','doe18');
INSERT INTO "students" VALUES('19','john','doe19');
INSERT INTO "students" VALUES('20','john','doe20');
INSERT INTO "students" VALUES('21','john','doe21');
INSERT INTO "students" VALUES('22','john','doe22');
INSERT INTO "students" VALUES('23','john','doe23');
INSERT INTO "students" VALUES('24','john','doe24');
INSERT INTO "students" VALUES('25','john','doe25');
INSERT INTO "students" VALUES('26','john','doe26');
INSERT INTO "students" VALUES('27','john','doe27');
INSERT INTO "students" VALUES('28','john','doe28');
INSERT INTO "students" VALUES('29','john','doe29');
INSERT INTO "students" VALUES('30','john','doe30');
INSERT INTO "students" VALUES('31','john','doe31');
INSERT INTO "students" VALUES('32','john','doe32');
INSERT INTO "students" VALUES('33','john','doe33');
INSERT INTO "students" VALUES('34','john','doe34');
INSERT INTO "students" VALUES('35','john','doe35');
INSERT INTO "students" VALUES('36','john','doe36');
INSERT INTO "students" VALUES('37','john','doe37');
INSERT INTO "students" VALUES('38','john','doe38');
INSERT INTO "students" VALUES('39','john','doe39');
INSERT INTO "students" VALUES('40','john','doe40');
INSERT INTO "students" VALUES('41','john','doe41');
INSERT INTO "students" VALUES('42','john','doe42');
INSERT INTO "students" VALUES('43','john','doe43');
INSERT INTO "students" VALUES('44','john','doe44');
INSERT INTO "students" VALUES('45','john','doe45');
INSERT INTO "students" VALUES('46','john','doe46');
INSERT INTO "students" VALUES('47','john','doe47');
INSERT INTO "students" VALUES('48','john','doe48');
INSERT INTO "students" VALUES('49','john','doe49');
CREATE TABLE sc_relation (    id    INTEGER   PRIMARY KEY AUTOINCREMENT,     sid   TEXT      not null,     cid   TEXT      not null);
INSERT INTO "sc_relation" VALUES(1,'0','1');
INSERT INTO "sc_relation" VALUES(2,'1','0');
INSERT INTO "sc_relation" VALUES(3,'2','0');
INSERT INTO "sc_relation" VALUES(4,'3','1');
INSERT INTO "sc_relation" VALUES(5,'4','1');
INSERT INTO "sc_relation" VALUES(6,'5','0');
INSERT INTO "sc_relation" VALUES(7,'6','1');
INSERT INTO "sc_relation" VALUES(8,'7','0');
INSERT INTO "sc_relation" VALUES(9,'8','0');
INSERT INTO "sc_relation" VALUES(10,'9','0');
INSERT INTO "sc_relation" VALUES(11,'10','1');
INSERT INTO "sc_relation" VALUES(12,'11','0');
INSERT INTO "sc_relation" VALUES(13,'12','0');
INSERT INTO "sc_relation" VALUES(14,'13','0');
INSERT INTO "sc_relation" VALUES(15,'14','0');
INSERT INTO "sc_relation" VALUES(16,'15','0');
INSERT INTO "sc_relation" VALUES(17,'16','0');
INSERT INTO "sc_relation" VALUES(18,'17','1');
INSERT INTO "sc_relation" VALUES(19,'18','1');
INSERT INTO "sc_relation" VALUES(20,'19','1');
INSERT INTO "sc_relation" VALUES(21,'20','0');
INSERT INTO "sc_relation" VALUES(22,'21','0');
INSERT INTO "sc_relation" VALUES(23,'22','1');
INSERT INTO "sc_relation" VALUES(24,'23','0');
INSERT INTO "sc_relation" VALUES(25,'24','1');
INSERT INTO "sc_relation" VALUES(26,'25','1');
INSERT INTO "sc_relation" VALUES(27,'26','0');
INSERT INTO "sc_relation" VALUES(28,'27','1');
INSERT INTO "sc_relation" VALUES(29,'28','1');
INSERT INTO "sc_relation" VALUES(30,'29','0');
INSERT INTO "sc_relation" VALUES(31,'30','0');
INSERT INTO "sc_relation" VALUES(32,'31','0');
INSERT INTO "sc_relation" VALUES(33,'32','0');
INSERT INTO "sc_relation" VALUES(34,'33','1');
INSERT INTO "sc_relation" VALUES(35,'34','0');
INSERT INTO "sc_relation" VALUES(36,'35','1');
INSERT INTO "sc_relation" VALUES(37,'36','0');
INSERT INTO "sc_relation" VALUES(38,'37','0');
INSERT INTO "sc_relation" VALUES(39,'38','0');
INSERT INTO "sc_relation" VALUES(40,'39','1');
INSERT INTO "sc_relation" VALUES(41,'40','0');
INSERT INTO "sc_relation" VALUES(42,'41','0');
INSERT INTO "sc_relation" VALUES(43,'42','0');
INSERT INTO "sc_relation" VALUES(44,'43','0');
INSERT INTO "sc_relation" VALUES(45,'44','1');
INSERT INTO "sc_relation" VALUES(46,'45','1');
INSERT INTO "sc_relation" VALUES(47,'46','1');
INSERT INTO "sc_relation" VALUES(48,'47','0');
INSERT INTO "sc_relation" VALUES(49,'48','1');
INSERT INTO "sc_relation" VALUES(50,'49','1');
CREATE TABLE assessments (    aid   TEXT  not null,     cid   TEXT  not null,     title TEXT  not null,     date  TEXT  not null,     type  TEXT  not null,     primary key(aid));
DELETE FROM sqlite_sequence;
INSERT INTO "sqlite_sequence" VALUES('sc_relation',50);
COMMIT;
