PRAGMA foreign_keys=OFF;
BEGIN TRANSACTION;
CREATE TABLE courses (    cid   TEXT  not null,     title TEXT  not null,     start TEXT  not null,     end   TEXT  not null,     primary key(cid));
INSERT INTO "courses" VALUES('0','MATH-217','10/5/14','10/5/14');
INSERT INTO "courses" VALUES('1','CSCI-580','10/5/14','10/5/14');
INSERT INTO "courses" VALUES('2','EECE-343','10/5/14','10/5/14');
INSERT INTO "courses" VALUES('3','EECE-444','10/5/14','10/5/14');
CREATE TABLE students (    sid   TEXT  not null,     first TEXT  not null,     last  TEXT  not null,     primary key(sid));
INSERT INTO "students" VALUES('0','john0','doe0');
INSERT INTO "students" VALUES('1','john1','doe1');
INSERT INTO "students" VALUES('2','john2','doe2');
INSERT INTO "students" VALUES('3','john3','doe3');
INSERT INTO "students" VALUES('4','john4','doe4');
INSERT INTO "students" VALUES('5','john5','doe5');
INSERT INTO "students" VALUES('6','john6','doe6');
INSERT INTO "students" VALUES('7','john7','doe7');
INSERT INTO "students" VALUES('8','john8','doe8');
INSERT INTO "students" VALUES('9','john9','doe9');
INSERT INTO "students" VALUES('10','john10','doe10');
INSERT INTO "students" VALUES('11','john11','doe11');
INSERT INTO "students" VALUES('12','john12','doe12');
INSERT INTO "students" VALUES('13','john13','doe13');
INSERT INTO "students" VALUES('14','john14','doe14');
INSERT INTO "students" VALUES('15','john15','doe15');
INSERT INTO "students" VALUES('16','john16','doe16');
INSERT INTO "students" VALUES('17','john17','doe17');
INSERT INTO "students" VALUES('18','john18','doe18');
INSERT INTO "students" VALUES('19','john19','doe19');
INSERT INTO "students" VALUES('20','john20','doe20');
INSERT INTO "students" VALUES('21','john21','doe21');
INSERT INTO "students" VALUES('22','john22','doe22');
INSERT INTO "students" VALUES('23','john23','doe23');
INSERT INTO "students" VALUES('24','john24','doe24');
INSERT INTO "students" VALUES('25','john25','doe25');
INSERT INTO "students" VALUES('26','john26','doe26');
INSERT INTO "students" VALUES('27','john27','doe27');
INSERT INTO "students" VALUES('28','john28','doe28');
INSERT INTO "students" VALUES('29','john29','doe29');
INSERT INTO "students" VALUES('30','john30','doe30');
INSERT INTO "students" VALUES('31','john31','doe31');
INSERT INTO "students" VALUES('32','john32','doe32');
INSERT INTO "students" VALUES('33','john33','doe33');
INSERT INTO "students" VALUES('34','john34','doe34');
INSERT INTO "students" VALUES('35','john35','doe35');
INSERT INTO "students" VALUES('36','john36','doe36');
INSERT INTO "students" VALUES('37','john37','doe37');
INSERT INTO "students" VALUES('38','john38','doe38');
INSERT INTO "students" VALUES('39','john39','doe39');
INSERT INTO "students" VALUES('40','john40','doe40');
INSERT INTO "students" VALUES('41','john41','doe41');
INSERT INTO "students" VALUES('42','john42','doe42');
INSERT INTO "students" VALUES('43','john43','doe43');
INSERT INTO "students" VALUES('44','john44','doe44');
INSERT INTO "students" VALUES('45','john45','doe45');
INSERT INTO "students" VALUES('46','john46','doe46');
INSERT INTO "students" VALUES('47','john47','doe47');
INSERT INTO "students" VALUES('48','john48','doe48');
INSERT INTO "students" VALUES('49','john49','doe49');
CREATE TABLE sc_relation (    id    INTEGER   PRIMARY KEY AUTOINCREMENT,     sid   TEXT      not null,     cid   TEXT      not null);
INSERT INTO "sc_relation" VALUES(1,'0','1');
INSERT INTO "sc_relation" VALUES(2,'1','0');
INSERT INTO "sc_relation" VALUES(3,'2','3');
INSERT INTO "sc_relation" VALUES(4,'3','2');
INSERT INTO "sc_relation" VALUES(5,'4','1');
INSERT INTO "sc_relation" VALUES(6,'5','0');
INSERT INTO "sc_relation" VALUES(7,'6','3');
INSERT INTO "sc_relation" VALUES(8,'7','2');
INSERT INTO "sc_relation" VALUES(9,'8','1');
INSERT INTO "sc_relation" VALUES(10,'9','0');
INSERT INTO "sc_relation" VALUES(11,'10','2');
INSERT INTO "sc_relation" VALUES(12,'11','3');
INSERT INTO "sc_relation" VALUES(13,'12','1');
INSERT INTO "sc_relation" VALUES(14,'13','0');
INSERT INTO "sc_relation" VALUES(15,'14','3');
INSERT INTO "sc_relation" VALUES(16,'15','2');
INSERT INTO "sc_relation" VALUES(17,'16','1');
INSERT INTO "sc_relation" VALUES(18,'17','0');
INSERT INTO "sc_relation" VALUES(19,'18','3');
INSERT INTO "sc_relation" VALUES(20,'19','2');
INSERT INTO "sc_relation" VALUES(21,'20','1');
INSERT INTO "sc_relation" VALUES(22,'21','0');
INSERT INTO "sc_relation" VALUES(23,'22','3');
INSERT INTO "sc_relation" VALUES(24,'23','2');
INSERT INTO "sc_relation" VALUES(25,'24','1');
INSERT INTO "sc_relation" VALUES(26,'25','0');
INSERT INTO "sc_relation" VALUES(27,'26','3');
INSERT INTO "sc_relation" VALUES(28,'27','2');
INSERT INTO "sc_relation" VALUES(29,'28','1');
INSERT INTO "sc_relation" VALUES(30,'29','0');
INSERT INTO "sc_relation" VALUES(31,'30','3');
INSERT INTO "sc_relation" VALUES(32,'31','2');
INSERT INTO "sc_relation" VALUES(33,'32','1');
INSERT INTO "sc_relation" VALUES(34,'33','0');
INSERT INTO "sc_relation" VALUES(35,'34','3');
INSERT INTO "sc_relation" VALUES(36,'35','2');
INSERT INTO "sc_relation" VALUES(37,'36','1');
INSERT INTO "sc_relation" VALUES(38,'37','0');
INSERT INTO "sc_relation" VALUES(39,'38','3');
INSERT INTO "sc_relation" VALUES(40,'39','2');
INSERT INTO "sc_relation" VALUES(41,'40','1');
INSERT INTO "sc_relation" VALUES(42,'41','0');
INSERT INTO "sc_relation" VALUES(43,'42','3');
INSERT INTO "sc_relation" VALUES(44,'43','2');
INSERT INTO "sc_relation" VALUES(45,'44','1');
INSERT INTO "sc_relation" VALUES(46,'45','0');
INSERT INTO "sc_relation" VALUES(47,'46','3');
INSERT INTO "sc_relation" VALUES(48,'47','2');
INSERT INTO "sc_relation" VALUES(49,'48','1');
INSERT INTO "sc_relation" VALUES(50,'49','1');
CREATE TABLE assessments (    aid   TEXT  not null,     cid   TEXT  not null,     title TEXT  not null,     date  TEXT  not null,     type  TEXT  not null,     primary key(aid));
INSERT INTO "assessments" VALUES('0','1','Exam1', '10/5/14', 'TEST');
INSERT INTO "assessments" VALUES('1','0','Exam1', '10/5/14', 'TEST');
INSERT INTO "assessments" VALUES('2','3','Exam1', '10/5/14', 'TEST');
INSERT INTO "assessments" VALUES('3','2','Exam1', '10/5/14', 'TEST');
INSERT INTO "assessments" VALUES('4','1','Exam2', '10/5/14', 'TEST');
INSERT INTO "assessments" VALUES('5','0','Exam2', '10/5/14', 'TEST');
INSERT INTO "assessments" VALUES('6','3','Exam2', '10/5/14', 'TEST');
INSERT INTO "assessments" VALUES('7','2','Exam2', '10/5/14', 'TEST');
INSERT INTO "assessments" VALUES('8','1','Exam3', '10/5/14', 'TEST');
INSERT INTO "assessments" VALUES('9','0','Exam3', '10/5/14', 'TEST');
INSERT INTO "assessments" VALUES('10','3','Exam3', '10/5/14', 'TEST');
INSERT INTO "assessments" VALUES('11','2','Exam3', '10/5/14', 'TEST');
INSERT INTO "assessments" VALUES('12','1','Exam4', '10/5/14', 'TEST');
INSERT INTO "assessments" VALUES('13','0','Exam4', '10/5/14', 'TEST');
INSERT INTO "assessments" VALUES('14','3','Exam4', '10/5/14', 'TEST');
INSERT INTO "assessments" VALUES('15','2','Exam4', '10/5/14', 'TEST');
INSERT INTO "assessments" VALUES('16','1','Exam5', '10/5/14', 'TEST');
INSERT INTO "assessments" VALUES('17','0','Exam6', '10/5/14', 'TEST');
INSERT INTO "assessments" VALUES('18','3','Exam7', '10/5/14', 'TEST');
INSERT INTO "assessments" VALUES('19','2','Exam8', '10/5/14', 'TEST');
INSERT INTO "assessments" VALUES('20','1','Exam9', '10/5/14', 'TEST');
INSERT INTO "assessments" VALUES('21','2','Exam10', '10/5/14', 'TEST');
DELETE FROM sqlite_sequence;
INSERT INTO "sqlite_sequence" VALUES('sc_relation',50);
COMMIT;
